ds,y
1/2/2014,19.75464249
1/3/2014,19.32071495
1/6/2014,19.42607117
1/7/2014,19.28714371
1/8/2014,19.4092865
1/9/2014,19.16142845
1/10/2014,19.03357124
1/13/2014,19.13321495
1/14/2014,19.51392937
1/15/2014,19.90571404
1/16/2014,19.7946434
1/17/2014,19.30964279
1/21/2014,19.60964394
1/22/2014,19.69678688
1/23/2014,19.86357117
1/24/2014,19.50250053
1/27/2014,19.6607132
1/28/2014,18.0892868
1/29/2014,17.8839283
1/30/2014,17.84928513
1/31/2014,17.87857056
2/3/2014,17.91178513
2/4/2014,18.1710701
2/5/2014,18.30678558
2/6/2014,18.30392838
2/7/2014,18.55999947
2/10/2014,18.89249992
2/11/2014,19.1414299
2/12/2014,19.13999939
2/13/2014,19.44392967
2/14/2014,19.42821312
2/18/2014,19.49964333
2/19/2014,19.19178581
2/20/2014,18.96964264
2/21/2014,18.7589283
2/24/2014,18.84107018
2/25/2014,18.64500046
2/26/2014,18.47678566
2/27/2014,18.84535789
2/28/2014,18.79428673
3/3/2014,18.84857178
3/4/2014,18.97285652
3/5/2014,19.01285744
3/6/2014,18.9553566
3/7/2014,18.94428635
3/10/2014,18.9614296
3/11/2014,19.14607048
3/12/2014,19.16464233
3/13/2014,18.95178604
3/14/2014,18.73892975
3/17/2014,18.81214333
3/18/2014,18.97857094
3/19/2014,18.97357178
3/20/2014,18.88214302
3/21/2014,19.03107071
3/24/2014,19.25678635
3/25/2014,19.46392822
3/26/2014,19.27785683
3/27/2014,19.19499969
3/28/2014,19.17357063
3/31/2014,19.16928673
4/1/2014,19.34464264
4/2/2014,19.37678528
4/3/2014,19.24250031
4/4/2014,18.99357033
4/7/2014,18.69535637
4/8/2014,18.69428635
4/9/2014,18.94000053
4/10/2014,18.69571495
4/11/2014,18.55750084
4/14/2014,18.63142967
4/15/2014,18.4985714
4/16/2014,18.53607178
4/17/2014,18.74785614
4/21/2014,18.97035789
4/22/2014,18.98928642
4/23/2014,18.7410717
4/24/2014,20.27750015
4/25/2014,20.42642975
4/28/2014,21.21750069
4/29/2014,21.15464211
4/30/2014,21.07464218
5/1/2014,21.12428665
5/2/2014,21.1635704
5/5/2014,21.46285629
5/6/2014,21.22892952
5/7/2014,21.15464211
5/8/2014,20.99964333
5/9/2014,20.91214371
5/12/2014,21.17250061
5/13/2014,21.20571327
5/14/2014,21.20964241
5/15/2014,21.02928543
5/16/2014,21.33964348
5/19/2014,21.59250069
5/20/2014,21.5967865
5/21/2014,21.65392876
5/22/2014,21.68821335
5/23/2014,21.93321419
5/27/2014,22.34392929
5/28/2014,22.28607178
5/29/2014,22.69214249
5/30/2014,22.6071434
6/2/2014,22.45178604
6/3/2014,22.7692852
6/4/2014,23.02928543
6/5/2014,23.11964226
6/6/2014,23.05607033
6/9/2014,23.42499924
6/10/2014,23.5625
6/11/2014,23.46500015
6/12/2014,23.07250023
6/13/2014,22.81999969
6/16/2014,23.04999924
6/17/2014,23.02000046
6/18/2014,23.04500008
6/19/2014,22.96500015
6/20/2014,22.72750092
6/23/2014,22.70750046
6/24/2014,22.56999969
6/25/2014,22.59000015
6/26/2014,22.72500038
6/27/2014,22.99500084
6/30/2014,23.23250008
7/1/2014,23.37999916
7/2/2014,23.37000084
7/3/2014,23.50749969
7/7/2014,23.99250031
7/8/2014,23.83749962
7/9/2014,23.84749985
7/10/2014,23.76000023
7/11/2014,23.80500031
7/14/2014,24.11249924
7/15/2014,23.82999992
7/16/2014,23.69499969
7/17/2014,23.27249908
7/18/2014,23.60750008
7/21/2014,23.48500061
7/22/2014,23.68000031
7/23/2014,24.29750061
7/24/2014,24.25749969
7/25/2014,24.41749954
7/28/2014,24.75499916
7/29/2014,24.59499931
7/30/2014,24.53750038
7/31/2014,23.89999962
8/1/2014,24.03249931
8/4/2014,23.89749908
8/5/2014,23.78000069
8/6/2014,23.73999977
8/7/2014,23.62000084
8/8/2014,23.68499947
8/11/2014,23.99749947
8/12/2014,23.99250031
8/13/2014,24.30999947
8/14/2014,24.375
8/15/2014,24.49500084
8/18/2014,24.79000092
8/19/2014,25.13249969
8/20/2014,25.14249992
8/21/2014,25.14500046
8/22/2014,25.32999992
8/25/2014,25.38500023
8/26/2014,25.22249985
8/27/2014,25.53249931
8/28/2014,25.5625
8/29/2014,25.625
9/2/2014,25.82500076
9/3/2014,24.73500061
9/4/2014,24.53000069
9/5/2014,24.74250031
9/8/2014,24.59000015
9/9/2014,24.49749947
9/10/2014,25.25
9/11/2014,25.35750008
9/12/2014,25.41500092
9/15/2014,25.40749931
9/16/2014,25.21500015
9/17/2014,25.39500046
9/18/2014,25.44750023
9/19/2014,25.23999977
9/22/2014,25.26499939
9/23/2014,25.65999985
9/24/2014,25.4375
9/25/2014,24.46750069
9/26/2014,25.1875
9/29/2014,25.02750015
9/30/2014,25.1875
10/1/2014,24.79500008
10/2/2014,24.97500038
10/3/2014,24.90500069
10/6/2014,24.90500069
10/7/2014,24.6875
10/8/2014,25.20000076
10/9/2014,25.25499916
10/10/2014,25.18250084
10/13/2014,24.95249939
10/14/2014,24.6875
10/15/2014,24.38500023
10/16/2014,24.06500053
10/17/2014,24.41749954
10/20/2014,24.94000053
10/21/2014,25.61750031
10/22/2014,25.74749947
10/23/2014,26.20750046
10/24/2014,26.30500031
10/27/2014,26.27750015
10/28/2014,26.68499947
10/29/2014,26.83499908
10/30/2014,26.74500084
10/31/2014,27
11/3/2014,27.35000038
11/4/2014,27.14999962
11/5/2014,27.21500015
11/6/2014,27.17499924
11/7/2014,27.25250053
11/10/2014,27.20750046
11/11/2014,27.42499924
11/12/2014,27.8125
11/13/2014,28.20499992
11/14/2014,28.54500008
11/17/2014,28.49749947
11/18/2014,28.86750031
11/19/2014,28.66749954
11/20/2014,29.07749939
11/21/2014,29.11750031
11/24/2014,29.65749931
11/25/2014,29.39999962
11/26/2014,29.75
11/28/2014,29.73250008
12/1/2014,28.76749992
12/2/2014,28.65749931
12/3/2014,28.98250008
12/4/2014,28.87249947
12/5/2014,28.75
12/8/2014,28.10000038
12/9/2014,28.53000069
12/10/2014,27.98749924
12/11/2014,27.90500069
12/12/2014,27.43250084
12/15/2014,27.05750084
12/16/2014,26.6875
12/17/2014,27.35250092
12/18/2014,28.16250038
12/19/2014,27.94499969
12/22/2014,28.23500061
12/23/2014,28.13500023
12/24/2014,28.00250053
12/26/2014,28.49749947
12/29/2014,28.47750092
12/30/2014,28.12999916
12/31/2014,27.59499931
1/2/2015,27.33250046
1/5/2015,26.5625
1/6/2015,26.56500053
1/7/2015,26.9375
1/8/2015,27.97249985
1/9/2015,28.00250053
1/12/2015,27.3125
1/13/2015,27.55500031
1/14/2015,27.45000076
1/15/2015,26.70499992
1/16/2015,26.49749947
1/20/2015,27.18000031
1/21/2015,27.38750076
1/22/2015,28.10000038
1/23/2015,28.24500084
1/26/2015,28.27499962
1/27/2015,27.28499985
1/28/2015,28.82749939
1/29/2015,29.72500038
1/30/2015,29.29000092
2/2/2015,29.65749931
2/3/2015,29.66250038
2/4/2015,29.88999939
2/5/2015,29.98500061
2/6/2015,29.73250008
2/9/2015,29.93000031
2/10/2015,30.50499916
2/11/2015,31.21999931
2/12/2015,31.61499977
2/13/2015,31.77000046
2/17/2015,31.95750046
2/18/2015,32.18000031
2/19/2015,32.11249924
2/20/2015,32.375
2/23/2015,33.25
2/24/2015,33.04249954
2/25/2015,32.19749832
2/26/2015,32.60499954
2/27/2015,32.11500168
3/2/2015,32.27249908
3/3/2015,32.34000015
3/4/2015,32.13499832
3/5/2015,31.60250092
3/6/2015,31.64999962
3/9/2015,31.78499985
3/10/2015,31.12750053
3/11/2015,30.55999947
3/12/2015,31.11249924
3/13/2015,30.89749908
3/16/2015,31.23749924
3/17/2015,31.76000023
3/18/2015,32.11750031
3/19/2015,31.875
3/20/2015,31.47500038
3/23/2015,31.80249977
3/24/2015,31.67250061
3/25/2015,30.84499931
3/26/2015,31.05999947
3/27/2015,30.8125
3/30/2015,31.59250069
3/31/2015,31.10750008
4/1/2015,31.0625
4/2/2015,31.32999992
4/6/2015,31.83749962
4/7/2015,31.50250053
4/8/2015,31.39999962
4/9/2015,31.63999939
4/10/2015,31.77499962
4/13/2015,31.71249962
4/14/2015,31.57500076
4/15/2015,31.69499969
4/16/2015,31.54249954
4/17/2015,31.1875
4/20/2015,31.89999962
4/21/2015,31.72750092
4/22/2015,32.15499878
4/23/2015,32.41749954
4/24/2015,32.56999969
4/27/2015,33.16249847
4/28/2015,32.63999939
4/29/2015,32.15999985
4/30/2015,31.28750038
5/1/2015,32.23749924
5/4/2015,32.17499924
5/5/2015,31.45000076
5/6/2015,31.25250053
5/7/2015,31.31500053
5/8/2015,31.90500069
5/11/2015,31.57999992
5/12/2015,31.46750069
5/13/2015,31.50250053
5/14/2015,32.23749924
5/15/2015,32.19250107
5/18/2015,32.54750061
5/19/2015,32.51750183
5/20/2015,32.51499939
5/21/2015,32.84749985
5/22/2015,33.13499832
5/26/2015,32.40499878
5/27/2015,33.00999832
5/28/2015,32.94499969
5/29/2015,32.56999969
6/1/2015,32.63499832
6/2/2015,32.49000168
6/3/2015,32.52999878
6/4/2015,32.34000015
6/5/2015,32.16249847
6/8/2015,31.95000076
6/9/2015,31.85499954
6/10/2015,32.22000122
6/11/2015,32.14749908
6/12/2015,31.79249954
6/15/2015,31.72999954
6/16/2015,31.89999962
6/17/2015,31.82500076
6/18/2015,31.96999931
6/19/2015,31.64999962
6/22/2015,31.90250015
6/23/2015,31.75749969
6/24/2015,32.02750015
6/25/2015,31.875
6/26/2015,31.6875
6/29/2015,31.13249969
6/30/2015,31.35750008
7/1/2015,31.64999962
7/2/2015,31.61000061
7/6/2015,31.5
7/7/2015,31.42250061
7/8/2015,30.64249992
7/9/2015,30.01749992
7/10/2015,30.81999969
7/13/2015,31.41500092
7/14/2015,31.40250015
7/15/2015,31.70499992
7/16/2015,32.12749863
7/17/2015,32.40499878
7/20/2015,33.01750183
7/21/2015,32.6875
7/22/2015,31.30500031
7/23/2015,31.29000092
7/24/2015,31.125
7/27/2015,30.69249916
7/28/2015,30.84499931
7/29/2015,30.74749947
7/30/2015,30.59250069
7/31/2015,30.32500076
8/3/2015,29.61000061
8/4/2015,28.65999985
8/5/2015,28.85000038
8/6/2015,28.78249931
8/7/2015,28.87999916
8/10/2015,29.93000031
8/11/2015,28.37249947
8/12/2015,28.80999947
8/13/2015,28.78750038
8/14/2015,28.98999977
8/17/2015,29.29000092
8/18/2015,29.125
8/19/2015,28.75250053
8/20/2015,28.16250038
8/21/2015,26.44000053
8/24/2015,25.78000069
8/25/2015,25.93499947
8/26/2015,27.42250061
8/27/2015,28.22999954
8/28/2015,28.32250023
8/31/2015,28.19000053
9/1/2015,26.93000031
9/2/2015,28.08499908
9/3/2015,27.59250069
9/4/2015,27.31749916
9/8/2015,28.07749939
9/9/2015,27.53750038
9/10/2015,28.14249992
9/11/2015,28.55249977
9/14/2015,28.82749939
9/15/2015,29.06999969
9/16/2015,29.10250092
9/17/2015,28.47999954
9/18/2015,28.36249924
9/21/2015,28.80249977
9/22/2015,28.35000038
9/23/2015,28.57999992
9/24/2015,28.75
9/25/2015,28.67749977
9/28/2015,28.11000061
9/29/2015,27.26499939
9/30/2015,27.57500076
10/1/2015,27.39500046
10/2/2015,27.59499931
10/5/2015,27.69499969
10/6/2015,27.82749939
10/7/2015,27.69499969
10/8/2015,27.375
10/9/2015,28.03000069
10/12/2015,27.89999962
10/13/2015,27.94750023
10/14/2015,27.55249977
10/15/2015,27.96500015
10/16/2015,27.76000023
10/19/2015,27.93250084
10/20/2015,28.44249916
10/21/2015,28.44000053
10/22/2015,28.875
10/23/2015,29.77000046
10/26/2015,28.81999969
10/27/2015,28.63750076
10/28/2015,29.81749916
10/29/2015,30.13249969
10/30/2015,29.875
11/2/2015,30.29500008
11/3/2015,30.64249992
11/4/2015,30.5
11/5/2015,30.22999954
11/6/2015,30.26499939
11/9/2015,30.14249992
11/10/2015,29.19249916
11/11/2015,29.02750015
11/12/2015,28.93000031
11/13/2015,28.08499908
11/16/2015,28.54500008
11/17/2015,28.42250061
11/18/2015,29.32250023
11/19/2015,29.69499969
11/20/2015,29.82500076
11/23/2015,29.4375
11/24/2015,29.71999931
11/25/2015,29.50749969
11/27/2015,29.45249939
11/30/2015,29.57500076
12/1/2015,29.33499908
12/2/2015,29.06999969
12/3/2015,28.79999924
12/4/2015,29.75749969
12/7/2015,29.56999969
12/8/2015,29.55750084
12/9/2015,28.90500069
12/10/2015,29.04249954
12/11/2015,28.29500008
12/14/2015,28.12000084
12/15/2015,27.62249947
12/16/2015,27.83499908
12/17/2015,27.24500084
12/18/2015,26.50749969
12/21/2015,26.83250046
12/22/2015,26.80750084
12/23/2015,27.15250015
12/24/2015,27.00749969
12/28/2015,26.70499992
12/29/2015,27.18499947
12/30/2015,26.82999992
12/31/2015,26.31500053
1/4/2016,26.33749962
1/5/2016,25.67749977
1/6/2016,25.17499924
1/7/2016,24.11249924
1/8/2016,24.23999977
1/11/2016,24.63249969
1/12/2016,24.98999977
1/13/2016,24.34749985
1/14/2016,24.87999916
1/15/2016,24.28249931
1/19/2016,24.16500092
1/20/2016,24.19750023
1/21/2016,24.07500076
1/22/2016,25.35499954
1/25/2016,24.86000061
1/26/2016,24.99749947
1/27/2016,23.35499954
1/28/2016,23.52249908
1/29/2016,24.33499908
2/1/2016,24.10750008
2/2/2016,23.62000084
2/3/2016,24.08749962
2/4/2016,24.14999962
2/5/2016,23.50499916
2/8/2016,23.75250053
2/9/2016,23.74749947
2/10/2016,23.56749916
2/11/2016,23.42499924
2/12/2016,23.49749947
2/16/2016,24.15999985
2/17/2016,24.53000069
2/18/2016,24.06500053
2/19/2016,24.01000023
2/22/2016,24.21999931
2/23/2016,23.67250061
2/24/2016,24.02499962
2/25/2016,24.19000053
2/26/2016,24.22750092
2/29/2016,24.17250061
3/1/2016,25.13249969
3/2/2016,25.1875
3/3/2016,25.375
3/4/2016,25.75250053
3/7/2016,25.46750069
3/8/2016,25.25749969
3/9/2016,25.28000069
3/10/2016,25.29249954
3/11/2016,25.56500053
3/14/2016,25.62999916
3/15/2016,26.14500046
3/16/2016,26.49250031
3/17/2016,26.45000076
3/18/2016,26.47999954
3/21/2016,26.47750092
3/22/2016,26.68000031
3/23/2016,26.53249931
3/24/2016,26.41749954
3/28/2016,26.29750061
3/29/2016,26.92000008
3/30/2016,27.38999939
3/31/2016,27.24749947
4/1/2016,27.49749947
4/4/2016,27.78000069
4/5/2016,27.45249939
4/6/2016,27.73999977
4/7/2016,27.13500023
4/8/2016,27.16500092
4/11/2016,27.25499916
4/12/2016,27.61000061
4/13/2016,28.01000023
4/14/2016,28.02499962
4/15/2016,27.46249962
4/18/2016,26.87000084
4/19/2016,26.72750092
4/20/2016,26.78249931
4/21/2016,26.49250031
4/22/2016,26.42000008
4/25/2016,26.27000046
4/26/2016,26.08749962
4/27/2016,24.45499992
4/28/2016,23.70750046
4/29/2016,23.43499947
5/2/2016,23.40999985
5/3/2016,23.79500008
5/4/2016,23.54750061
5/5/2016,23.30999947
5/6/2016,23.18000031
5/9/2016,23.19750023
5/10/2016,23.35499954
5/11/2016,23.12750053
5/12/2016,22.58499908
5/13/2016,22.62999916
5/16/2016,23.46999931
5/17/2016,23.37249947
5/18/2016,23.63999939
5/19/2016,23.54999924
5/20/2016,23.80500031
5/23/2016,24.10750008
5/24/2016,24.47500038
5/25/2016,24.90500069
5/26/2016,25.10250092
5/27/2016,25.08749962
5/31/2016,24.96500015
6/1/2016,24.61499977
6/2/2016,24.43000031
6/3/2016,24.47999954
6/6/2016,24.65749931
6/7/2016,24.75749969
6/8/2016,24.73500061
6/9/2016,24.91250038
6/10/2016,24.70750046
6/13/2016,24.33499908
6/14/2016,24.36499977
6/15/2016,24.28499985
6/16/2016,24.38750076
6/17/2016,23.83250046
6/20/2016,23.77499962
6/21/2016,23.97750092
6/22/2016,23.88750076
6/23/2016,24.02499962
6/24/2016,23.35000038
6/27/2016,23.01000023
6/28/2016,23.39749908
6/29/2016,23.60000038
6/30/2016,23.89999962
7/1/2016,23.97249985
7/5/2016,23.74749947
7/6/2016,23.88249969
7/7/2016,23.98500061
7/8/2016,24.17000008
7/11/2016,24.24500084
7/12/2016,24.35499954
7/13/2016,24.21750069
7/14/2016,24.69750023
7/15/2016,24.69499969
7/18/2016,24.95750046
7/19/2016,24.96750069
7/20/2016,24.98999977
7/21/2016,24.85750008
7/22/2016,24.66500092
7/25/2016,24.33499908
7/26/2016,24.16749954
7/27/2016,25.73749924
7/28/2016,26.08499908
7/29/2016,26.05249977
8/1/2016,26.51250076
8/2/2016,26.12000084
8/3/2016,26.44750023
8/4/2016,26.46750069
8/5/2016,26.87000084
8/8/2016,27.09250069
8/9/2016,27.20249939
8/10/2016,27
8/11/2016,26.98250008
8/12/2016,27.04500008
8/15/2016,27.37000084
8/16/2016,27.34499931
8/17/2016,27.30500031
8/18/2016,27.27000046
8/19/2016,27.34000015
8/22/2016,27.12750053
8/23/2016,27.21249962
8/24/2016,27.00749969
8/25/2016,26.89249992
8/26/2016,26.73500061
8/29/2016,26.70499992
8/30/2016,26.5
8/31/2016,26.52499962
9/1/2016,26.68250084
9/2/2016,26.93250084
9/6/2016,26.92499924
9/7/2016,27.09000015
9/8/2016,26.37999916
9/9/2016,25.78249931
9/12/2016,26.36000061
9/13/2016,26.98749924
9/14/2016,27.94249916
9/15/2016,28.89249992
9/16/2016,28.72999954
9/19/2016,28.39500046
9/20/2016,28.39249992
9/21/2016,28.38750076
9/22/2016,28.65500069
9/23/2016,28.17749977
9/26/2016,28.21999931
9/27/2016,28.27249908
9/28/2016,28.48749924
9/29/2016,28.04500008
9/30/2016,28.26250076
10/3/2016,28.12999916
10/4/2016,28.25
10/5/2016,28.26250076
10/6/2016,28.47249985
10/7/2016,28.51499939
10/10/2016,29.01250076
10/11/2016,29.07500076
10/12/2016,29.33499908
10/13/2016,29.24500084
10/14/2016,29.40749931
10/17/2016,29.38750076
10/18/2016,29.36750031
10/19/2016,29.28000069
10/20/2016,29.26499939
10/21/2016,29.14999962
10/24/2016,29.41250038
10/25/2016,29.5625
10/26/2016,28.89749908
10/27/2016,28.62000084
10/28/2016,28.43000031
10/31/2016,28.38500023
11/1/2016,27.87249947
11/2/2016,27.89749908
11/3/2016,27.45750046
11/4/2016,27.20999908
11/7/2016,27.60250092
11/8/2016,27.76499939
11/9/2016,27.71999931
11/10/2016,26.94750023
11/11/2016,27.10750008
11/14/2016,26.42749977
11/15/2016,26.77750015
11/16/2016,27.49749947
11/17/2016,27.48749924
11/18/2016,27.51499939
11/21/2016,27.93250084
11/22/2016,27.95000076
11/23/2016,27.80750084
11/25/2016,27.94750023
11/28/2016,27.89249992
11/29/2016,27.86499977
11/30/2016,27.62999916
12/1/2016,27.37249947
12/2/2016,27.47500038
12/5/2016,27.27750015
12/6/2016,27.48749924
12/7/2016,27.75749969
12/8/2016,28.03000069
12/9/2016,28.48749924
12/12/2016,28.32500076
12/13/2016,28.79750061
12/14/2016,28.79750061
12/15/2016,28.95499992
12/16/2016,28.99250031
12/19/2016,29.15999985
12/20/2016,29.23749924
12/21/2016,29.26499939
12/22/2016,29.07250023
12/23/2016,29.12999916
12/27/2016,29.31500053
12/28/2016,29.19000053
12/29/2016,29.18250084
12/30/2016,28.95499992
1/3/2017,29.03750038
1/4/2017,29.00499916
1/5/2017,29.15250015
1/6/2017,29.47750092
1/9/2017,29.74749947
1/10/2017,29.77750015
1/11/2017,29.9375
1/12/2017,29.8125
1/13/2017,29.76000023
1/17/2017,30
1/18/2017,29.99749947
1/19/2017,29.94499969
1/20/2017,30
1/23/2017,30.02000046
1/24/2017,29.99250031
1/25/2017,30.46999931
1/26/2017,30.48500061
1/27/2017,30.48749924
1/30/2017,30.40749931
1/31/2017,30.33749962
2/1/2017,32.1875
2/2/2017,32.13249969
2/3/2017,32.27000046
2/6/2017,32.57249832
2/7/2017,32.88249969
2/8/2017,33.00999832
2/9/2017,33.10499954
2/10/2017,33.02999878
2/13/2017,33.32249832
2/14/2017,33.75500107
2/15/2017,33.87749863
2/16/2017,33.83750153
2/17/2017,33.93000031
2/21/2017,34.17499924
2/22/2017,34.27750015
2/23/2017,34.13249969
2/24/2017,34.16500092
2/27/2017,34.23249817
2/28/2017,34.24750137
3/1/2017,34.94749832
3/2/2017,34.74000168
3/3/2017,34.94499969
3/6/2017,34.83499908
3/7/2017,34.88000107
3/8/2017,34.75
3/9/2017,34.66999817
3/10/2017,34.78499985
3/13/2017,34.79999924
3/14/2017,34.74750137
3/15/2017,35.11500168
3/16/2017,35.17250061
3/17/2017,34.99750137
3/20/2017,35.36500168
3/21/2017,34.95999908
3/22/2017,35.35499954
3/23/2017,35.22999954
3/24/2017,35.15999985
3/27/2017,35.22000122
3/28/2017,35.95000076
3/29/2017,36.02999878
3/30/2017,35.98249817
3/31/2017,35.91500092
4/3/2017,35.92499924
4/4/2017,36.19250107
4/5/2017,36.00500107
4/6/2017,35.91500092
4/7/2017,35.83499908
4/10/2017,35.79249954
4/11/2017,35.40750122
4/12/2017,35.45000076
4/13/2017,35.26250076
4/17/2017,35.45750046
4/18/2017,35.29999924
4/19/2017,35.16999817
4/20/2017,35.61000061
4/21/2017,35.56750107
4/24/2017,35.90999985
4/25/2017,36.13249969
4/26/2017,35.91999817
4/27/2017,35.94749832
4/28/2017,35.91249847
5/1/2017,36.64500046
5/2/2017,36.87749863
5/3/2017,36.76499939
5/4/2017,36.63249969
5/5/2017,37.24000168
5/8/2017,38.25249863
5/9/2017,38.49750137
5/10/2017,38.31499863
5/11/2017,38.48749924
5/12/2017,39.02500153
5/15/2017,38.92499924
5/16/2017,38.86750031
5/17/2017,37.5625
5/18/2017,38.13499832
5/19/2017,38.26499939
5/22/2017,38.49750137
5/23/2017,38.45000076
5/24/2017,38.33499908
5/25/2017,38.46749878
5/26/2017,38.40250015
5/30/2017,38.41749954
5/31/2017,38.18999863
6/1/2017,38.29499817
6/2/2017,38.86249924
6/5/2017,38.48249817
6/6/2017,38.61249924
6/7/2017,38.84249878
6/8/2017,38.74750137
6/9/2017,37.24499893
6/12/2017,36.35499954
6/13/2017,36.64749908
6/14/2017,36.29000092
6/15/2017,36.07249832
6/16/2017,35.56750107
6/19/2017,36.58499908
6/20/2017,36.25249863
6/21/2017,36.46749878
6/22/2017,36.40750122
6/23/2017,36.56999969
6/26/2017,36.45500183
6/27/2017,35.93249893
6/28/2017,36.45750046
6/29/2017,35.91999817
6/30/2017,36.00500107
7/3/2017,35.875
7/5/2017,36.02249908
7/6/2017,35.68249893
7/7/2017,36.04499817
7/10/2017,36.26499939
7/11/2017,36.38249969
7/12/2017,36.43500137
7/13/2017,36.94250107
7/14/2017,37.25999832
7/17/2017,37.38999939
7/18/2017,37.52000046
7/19/2017,37.75500107
7/20/2017,37.58499908
7/21/2017,37.56750107
7/24/2017,38.02249908
7/25/2017,38.18500137
7/26/2017,38.36500168
7/27/2017,37.63999939
7/28/2017,37.375
7/31/2017,37.18249893
8/1/2017,37.51250076
8/2/2017,39.28499985
8/3/2017,38.89250183
8/4/2017,39.09749985
8/7/2017,39.70249939
8/8/2017,40.02000046
8/9/2017,40.26499939
8/10/2017,38.83000183
8/11/2017,39.36999893
8/14/2017,39.96250153
8/15/2017,40.40000153
8/16/2017,40.23749924
8/17/2017,39.46500015
8/18/2017,39.375
8/21/2017,39.30250168
8/22/2017,39.94499969
8/23/2017,39.99499893
8/24/2017,39.81750107
8/25/2017,39.96500015
8/28/2017,40.36750031
8/29/2017,40.72750092
8/30/2017,40.83750153
8/31/2017,41
9/1/2017,41.01250076
9/5/2017,40.52000046
9/6/2017,40.47750092
9/7/2017,40.31499863
9/8/2017,39.65750122
9/11/2017,40.375
9/12/2017,40.21500015
9/13/2017,39.91249847
9/14/2017,39.56999969
9/15/2017,39.97000122
9/18/2017,39.66749954
9/19/2017,39.68249893
9/20/2017,39.01750183
9/21/2017,38.34749985
9/22/2017,37.97249985
9/25/2017,37.63750076
9/26/2017,38.28499985
9/27/2017,38.55749893
9/28/2017,38.31999969
9/29/2017,38.52999878
10/2/2017,38.45249939
10/3/2017,38.61999893
10/4/2017,38.36999893
10/5/2017,38.84749985
10/6/2017,38.82500076
10/9/2017,38.95999908
10/10/2017,38.97499847
10/11/2017,39.13750076
10/12/2017,39
10/13/2017,39.24750137
10/16/2017,39.97000122
10/17/2017,40.11750031
10/18/2017,39.93999863
10/19/2017,38.99499893
10/20/2017,39.0625
10/23/2017,39.04249954
10/24/2017,39.27500153
10/25/2017,39.10250092
10/26/2017,39.35250092
10/27/2017,40.76250076
10/30/2017,41.68000031
10/31/2017,42.25999832
11/1/2017,41.72249985
11/2/2017,42.02750015
11/3/2017,43.125
11/6/2017,43.5625
11/7/2017,43.70249939
11/8/2017,44.06000137
11/9/2017,43.97000122
11/10/2017,43.66749954
11/13/2017,43.49250031
11/14/2017,42.83499908
11/15/2017,42.27000046
11/16/2017,42.77500153
11/17/2017,42.53749847
11/20/2017,42.49499893
11/21/2017,43.28499985
11/22/2017,43.74000168
11/24/2017,43.74250031
11/27/2017,43.52249908
11/28/2017,43.26750183
11/29/2017,42.36999893
11/30/2017,42.96250153
12/1/2017,42.76250076
12/4/2017,42.45000076
12/5/2017,42.40999985
12/6/2017,42.25249863
12/7/2017,42.33000183
12/8/2017,42.34249878
12/11/2017,43.16749954
12/12/2017,42.92499924
12/13/2017,43.06750107
12/14/2017,43.05500031
12/15/2017,43.49250031
12/18/2017,44.10499954
12/19/2017,43.63499832
12/20/2017,43.58750153
12/21/2017,43.75249863
12/22/2017,43.75249863
12/26/2017,42.64250183
12/27/2017,42.65000153
12/28/2017,42.77000046
12/29/2017,42.30749893
1/2/2018,43.06499863
1/3/2018,43.05749893
1/4/2018,43.25749969
1/5/2018,43.75
1/8/2018,43.58750153
1/9/2018,43.58250046
1/10/2018,43.57249832
1/11/2018,43.81999969
1/12/2018,44.27249908
1/16/2018,44.04750061
1/17/2018,44.77500153
1/18/2018,44.81499863
1/19/2018,44.61500168
1/22/2018,44.25
1/23/2018,44.25999832
1/24/2018,43.55500031
1/25/2018,42.77750015
1/26/2018,42.87749863
1/29/2018,41.99000168
1/30/2018,41.74250031
1/31/2018,41.85749817
2/1/2018,41.94499969
2/2/2018,40.125
2/5/2018,39.12250137
2/6/2018,40.75749969
2/7/2018,39.88499832
2/8/2018,38.78749847
2/9/2018,39.10250092
2/12/2018,40.67750168
2/13/2018,41.08499908
2/14/2018,41.84249878
2/15/2018,43.24750137
2/16/2018,43.10749817
2/20/2018,42.96250153
2/21/2018,42.76750183
2/22/2018,43.125
2/23/2018,43.875
2/26/2018,44.74250031
2/27/2018,44.59749985
2/28/2018,44.52999878
3/1/2018,43.75
3/2/2018,44.05250168
3/5/2018,44.20500183
3/6/2018,44.16749954
3/7/2018,43.75749969
3/8/2018,44.23500061
3/9/2018,44.99499893
3/12/2018,45.43000031
3/13/2018,44.99250031
3/14/2018,44.61000061
3/15/2018,44.66249847
3/16/2018,44.50500107
3/19/2018,43.82500076
3/20/2018,43.81000137
3/21/2018,42.81750107
3/22/2018,42.21250153
3/23/2018,41.23500061
3/26/2018,43.19250107
3/27/2018,42.08499908
3/28/2018,41.61999893
3/29/2018,41.94499969
4/2/2018,41.66999817
4/3/2018,42.09749985
4/4/2018,42.90250015
4/5/2018,43.20000076
4/6/2018,42.09500122
4/9/2018,42.51250076
4/10/2018,43.3125
4/11/2018,43.11000061
4/12/2018,43.53499985
4/13/2018,43.68249893
4/16/2018,43.95500183
4/17/2018,44.56000137
4/18/2018,44.45999908
4/19/2018,43.20000076
4/20/2018,41.43000031
4/23/2018,41.31000137
4/24/2018,40.73500061
4/25/2018,40.91249847
4/26/2018,41.05500031
4/27/2018,40.58000183
4/30/2018,41.31499863
5/1/2018,42.27500153
5/2/2018,44.14250183
5/3/2018,44.22249985
5/4/2018,45.95750046
5/7/2018,46.29000092
5/8/2018,46.51250076
5/9/2018,46.84000015
5/10/2018,47.50999832
5/11/2018,47.14749908
5/14/2018,47.03749847
5/15/2018,46.61000061
5/16/2018,47.04499817
5/17/2018,46.74750137
5/18/2018,46.57749939
5/21/2018,46.90750122
5/22/2018,46.79000092
5/23/2018,47.09000015
5/24/2018,47.03749847
5/25/2018,47.14500046
5/29/2018,46.97499847
5/30/2018,46.875
5/31/2018,46.71749878
6/1/2018,47.56000137
6/4/2018,47.95750046
6/5/2018,48.32749939
6/6/2018,48.49499893
6/7/2018,48.36500168
6/8/2018,47.92499924
6/11/2018,47.80749893
6/12/2018,48.06999969
6/13/2018,47.67499924
6/14/2018,47.70000076
6/15/2018,47.20999908
6/18/2018,47.18500137
6/19/2018,46.42250061
6/20/2018,46.625
6/21/2018,46.36500168
6/22/2018,46.22999954
6/25/2018,45.54249954
6/26/2018,46.10749817
6/27/2018,46.04000092
6/28/2018,46.375
6/29/2018,46.27750015
7/2/2018,46.79499817
7/3/2018,45.97999954
7/5/2018,46.34999847
7/6/2018,46.99250031
7/9/2018,47.64500046
7/10/2018,47.58750153
7/11/2018,46.97000122
7/12/2018,47.75749969
7/13/2018,47.83250046
7/16/2018,47.72750092
7/17/2018,47.86249924
7/18/2018,47.59999847
7/19/2018,47.97000122
7/20/2018,47.86000061
7/23/2018,47.90250015
7/24/2018,48.25
7/25/2018,48.70500183
7/26/2018,48.55250168
7/27/2018,47.74499893
7/30/2018,47.47750092
7/31/2018,47.57249832
8/1/2018,50.375
8/2/2018,51.84749985
8/3/2018,51.99750137
8/6/2018,52.26750183
8/7/2018,51.77750015
8/8/2018,51.8125
8/9/2018,52.22000122
8/10/2018,51.88249969
8/13/2018,52.21749878
8/14/2018,52.4375
8/15/2018,52.56000137
8/16/2018,53.33000183
8/17/2018,54.39500046
8/20/2018,53.86500168
8/21/2018,53.75999832
8/22/2018,53.76250076
8/23/2018,53.87250137
8/24/2018,54.04000092
8/27/2018,54.48500061
8/28/2018,54.92499924
8/29/2018,55.74499893
8/30/2018,56.25749969
8/31/2018,56.90750122
9/4/2018,57.09000015
9/5/2018,56.71749878
9/6/2018,55.77500153
9/7/2018,55.32500076
9/10/2018,54.58250046
9/11/2018,55.96250153
9/12/2018,55.26750183
9/13/2018,56.60250092
9/14/2018,55.95999908
9/17/2018,54.47000122
9/18/2018,54.56000137
9/19/2018,54.59249878
9/20/2018,55.00749969
9/21/2018,54.41500092
9/24/2018,55.19749832
9/25/2018,55.54750061
9/26/2018,55.10499954
9/27/2018,56.23749924
9/28/2018,56.43500137
10/1/2018,56.81499863
10/2/2018,57.31999969
10/3/2018,58.01750183
10/4/2018,56.99750137
10/5/2018,56.07249832
10/8/2018,55.94250107
10/9/2018,56.71749878
10/10/2018,54.09000015
10/11/2018,53.61249924
10/12/2018,55.52750015
10/15/2018,54.34000015
10/16/2018,55.53749847
10/17/2018,55.29750061
10/18/2018,54.00500107
10/19/2018,54.82749939
10/22/2018,55.16249847
10/23/2018,55.68249893
10/24/2018,53.77249908
10/25/2018,54.95000076
10/26/2018,54.07500076
10/29/2018,53.06000137
10/30/2018,53.32500076
10/31/2018,54.71500015
11/1/2018,55.55500031
11/2/2018,51.86999893
11/5/2018,50.39749908
11/6/2018,50.94250107
11/7/2018,52.48749924
11/8/2018,52.12250137
11/9/2018,51.11750031
11/12/2018,48.54249954
11/13/2018,48.05749893
11/14/2018,46.70000076
11/15/2018,47.85250092
11/16/2018,48.38249969
11/19/2018,46.46500015
11/20/2018,44.24499893
11/21/2018,44.19499969
11/23/2018,43.07249832
11/26/2018,43.65499878
11/27/2018,43.56000137
11/28/2018,45.23500061
11/29/2018,44.88750076
11/30/2018,44.64500046
12/3/2018,46.20500183
12/4/2018,44.17250061
12/6/2018,43.68000031
12/7/2018,42.12250137
12/10/2018,42.40000153
12/11/2018,42.15750122
12/12/2018,42.27500153
12/13/2018,42.73749924
12/14/2018,41.36999893
12/17/2018,40.98500061
12/18/2018,41.51750183
12/19/2018,40.22249985
12/20/2018,39.20750046
12/21/2018,37.68249893
12/24/2018,36.70750046
12/26/2018,39.29249954
12/27/2018,39.03749847
12/28/2018,39.05749893
12/31/2018,39.43500137
1/2/2019,39.47999954
1/3/2019,35.54750061
1/4/2019,37.06499863
1/7/2019,36.98249817
1/8/2019,37.6875
1/9/2019,38.32749939
1/10/2019,38.45000076
1/11/2019,38.07249832
1/14/2019,37.5
1/15/2019,38.26750183
1/16/2019,38.73500061
1/17/2019,38.96500015
1/18/2019,39.20500183
1/22/2019,38.32500076
1/23/2019,38.47999954
1/24/2019,38.17499924
1/25/2019,39.43999863
1/28/2019,39.07500076
1/29/2019,38.66999817
1/30/2019,41.3125
1/31/2019,41.61000061
2/1/2019,41.63000107
2/4/2019,42.8125
2/5/2019,43.54499817
2/6/2019,43.56000137
2/7/2019,42.73500061
2/8/2019,42.60250092
2/11/2019,42.35749817
2/12/2019,42.72249985
2/13/2019,42.54499817
2/14/2019,42.70000076
2/15/2019,42.60499954
2/19/2019,42.73249817
2/20/2019,43.00749969
2/21/2019,42.76499939
2/22/2019,43.24250031
2/25/2019,43.55749893
2/26/2019,43.58250046
2/27/2019,43.71749878
2/28/2019,43.28749847
3/1/2019,43.74250031
3/4/2019,43.96250153
3/5/2019,43.88249969
3/6/2019,43.63000107
3/7/2019,43.125
3/8/2019,43.22750092
3/11/2019,44.72499847
3/12/2019,45.22750092
3/13/2019,45.42750168
3/14/2019,45.93249893
3/15/2019,46.52999878
3/18/2019,47.00500107
3/19/2019,46.63249969
3/20/2019,47.04000092
3/21/2019,48.77249908
3/22/2019,47.76250076
3/25/2019,47.18500137
3/26/2019,46.69749832
3/27/2019,47.11750031
3/28/2019,47.18000031
3/29/2019,47.48749924
4/1/2019,47.81000137
4/2/2019,48.50500107
4/3/2019,48.83750153
4/4/2019,48.92250061
4/5/2019,49.25
4/8/2019,50.02500153
4/9/2019,49.875
4/10/2019,50.15499878
4/11/2019,49.73749924
4/12/2019,49.71749878
4/15/2019,49.80749893
4/16/2019,49.8125
4/17/2019,50.78250122
4/18/2019,50.96500015
4/22/2019,51.13249969
4/23/2019,51.86999893
4/24/2019,51.79000092
4/25/2019,51.31999969
4/26/2019,51.07500076
4/29/2019,51.15250015
4/30/2019,50.16749954
5/1/2019,52.63000107
5/2/2019,52.28749847
5/3/2019,52.9375
5/6/2019,52.11999893
5/7/2019,50.71500015
5/8/2019,50.72499847
5/9/2019,50.18000031
5/10/2019,49.29499817
5/13/2019,46.43000031
5/14/2019,47.16500092
5/15/2019,47.72999954
5/16/2019,47.52000046
5/17/2019,47.25
5/20/2019,45.77249908
5/21/2019,46.65000153
5/22/2019,45.69499969
5/23/2019,44.91500092
5/24/2019,44.74250031
5/28/2019,44.55749893
5/29/2019,44.34500122
5/30/2019,44.57500076
5/31/2019,43.76750183
6/3/2019,43.32500076
6/4/2019,44.90999985
6/5/2019,45.63499832
6/6/2019,46.30500031
6/7/2019,47.53749847
6/10/2019,48.14500046
6/11/2019,48.70249939
6/12/2019,48.54750061
6/13/2019,48.53749847
6/14/2019,48.18500137
6/17/2019,48.47249985
6/18/2019,49.61249924
6/19/2019,49.46749878
6/20/2019,49.86500168
6/21/2019,49.69499969
6/24/2019,49.64500046
6/25/2019,48.89250183
6/26/2019,49.95000076
6/27/2019,49.93500137
6/28/2019,49.47999954
7/1/2019,50.38750076
7/2/2019,50.68249893
7/3/2019,51.10250092
7/5/2019,51.05749893
7/8/2019,50.00500107
7/9/2019,50.31000137
7/10/2019,50.80749893
7/11/2019,50.4375
7/12/2019,50.82500076
7/15/2019,51.30250168
7/16/2019,51.125
7/17/2019,50.83750153
7/18/2019,51.41500092
7/19/2019,50.64749908
7/22/2019,51.80500031
7/23/2019,52.20999908
7/24/2019,52.16749954
7/25/2019,51.75500107
7/26/2019,51.93500137
7/29/2019,52.41999817
7/30/2019,52.19499969
7/31/2019,53.25999832
8/1/2019,52.10749817
8/2/2019,51.00500107
8/5/2019,48.33499908
8/6/2019,49.25
8/7/2019,49.75999832
8/8/2019,50.85749817
8/9/2019,50.24750137
8/12/2019,50.11999893
8/13/2019,52.24250031
8/14/2019,50.6875
8/15/2019,50.43500137
8/16/2019,51.625
8/19/2019,52.58750153
8/20/2019,52.59000015
8/21/2019,53.15999985
8/22/2019,53.11500168
8/23/2019,50.65999985
8/26/2019,51.62250137
8/27/2019,51.04000092
8/28/2019,51.38249969
8/29/2019,52.25249863
8/30/2019,52.18500137
9/3/2019,51.42499924
9/4/2019,52.29750061
9/5/2019,53.31999969
9/6/2019,53.31499863
9/9/2019,53.54249954
9/10/2019,54.17499924
9/11/2019,55.89749908
9/12/2019,55.77249908
9/13/2019,54.6875
9/16/2019,54.97499847
9/17/2019,55.17499924
9/18/2019,55.69250107
9/19/2019,55.24000168
9/20/2019,54.43249893
9/23/2019,54.68000031
9/24/2019,54.41999817
9/25/2019,55.25749969
9/26/2019,54.97249985
9/27/2019,54.70500183
9/30/2019,55.99250031
10/1/2019,56.14749908
10/2/2019,54.74000168
10/3/2019,55.20500183
10/4/2019,56.75249863
10/7/2019,56.76499939
10/8/2019,56.09999847
10/9/2019,56.75749969
10/10/2019,57.52249908
10/11/2019,59.05250168
10/14/2019,58.96749878
10/15/2019,58.83000183
10/16/2019,58.59249878
10/17/2019,58.81999969
10/18/2019,59.10250092
10/21/2019,60.12749863
10/22/2019,59.99000168
10/23/2019,60.79499817
10/24/2019,60.89500046
10/25/2019,61.64500046
10/28/2019,62.26250076
10/29/2019,60.82249832
10/30/2019,60.81499863
10/31/2019,62.18999863
11/1/2019,63.95500183
11/4/2019,64.375
11/5/2019,64.28250122
11/6/2019,64.30999756
11/7/2019,64.85749817
11/8/2019,65.03500366
11/11/2019,65.55000305
11/12/2019,65.48999786
11/13/2019,66.11750031
11/14/2019,65.66000366
11/15/2019,66.44000244
11/18/2019,66.77500153
11/19/2019,66.57250214
11/20/2019,65.79750061
11/21/2019,65.50250244
11/22/2019,65.44499969
11/25/2019,66.59249878
11/26/2019,66.07250214
11/27/2019,66.95999908
11/29/2019,66.8125
12/2/2019,66.04000092
12/3/2019,64.86250305
12/4/2019,65.43499756
12/5/2019,66.39499664
12/6/2019,67.67749786
12/9/2019,66.73000336
12/10/2019,67.12000275
12/11/2019,67.69249725
12/12/2019,67.86499786
12/13/2019,68.78749847
12/16/2019,69.96499634
12/17/2019,70.10250092
12/18/2019,69.93499756
12/19/2019,70.00499725
12/20/2019,69.86000061
12/23/2019,71
12/24/2019,71.06749725
12/26/2019,72.47750092
12/27/2019,72.44999695
12/30/2019,72.87999725
12/31/2019,73.41249847
1/2/2020,75.08750153
1/3/2020,74.35749817
1/6/2020,74.94999695
1/7/2020,74.59750366
1/8/2020,75.79750061
1/9/2020,77.40750122
1/10/2020,77.58249664
1/13/2020,79.23999786
1/14/2020,78.16999817
1/15/2020,77.83499908
1/16/2020,78.80999756
1/17/2020,79.68250275
1/21/2020,79.14250183
1/22/2020,79.42500305
1/23/2020,79.80750275
1/24/2020,79.57749939
1/27/2020,77.23750305
1/28/2020,79.42250061
1/29/2020,81.08499908
1/30/2020,80.96749878
1/31/2020,77.37750244
2/3/2020,77.16500092
2/4/2020,79.71250153
2/5/2020,80.36250305
2/6/2020,81.30249786
2/7/2020,80.00749969
2/10/2020,80.38749695
2/11/2020,79.90249634
2/12/2020,81.80000305
2/13/2020,81.21749878
2/14/2020,81.23750305
2/18/2020,79.75
2/19/2020,80.90499878
2/20/2020,80.07499695
2/21/2020,78.26249695
2/24/2020,74.54499817
2/25/2020,72.01999664
2/26/2020,73.16249847
2/27/2020,68.37999725
2/28/2020,68.33999634
3/2/2020,74.70249939
3/3/2020,72.33000183
3/4/2020,75.68499756
3/5/2020,73.23000336
3/6/2020,72.25749969
3/9/2020,66.54250336
3/10/2020,71.33499908
3/11/2020,68.85749817
3/12/2020,62.05749893
3/13/2020,69.49250031
3/16/2020,60.55250168
3/17/2020,63.21500015
3/18/2020,61.66749954
3/19/2020,61.19499969
3/20/2020,57.31000137
3/23/2020,56.09249878
3/24/2020,61.72000122
3/25/2020,61.38000107
3/26/2020,64.61000061
3/27/2020,61.93500137
3/30/2020,63.70249939
3/31/2020,63.57249832
4/1/2020,60.22750092
4/2/2020,61.23249817
4/3/2020,60.35250092
4/6/2020,65.61750031
4/7/2020,64.85749817
4/8/2020,66.51750183
4/9/2020,66.99749756
4/13/2020,68.3125
4/14/2020,71.76249695
4/15/2020,71.10749817
4/16/2020,71.67250061
4/17/2020,70.69999695
4/20/2020,69.23249817
4/21/2020,67.09249878
4/22/2020,69.02500153
4/23/2020,68.75749969
4/24/2020,70.74250031
4/27/2020,70.79250336
4/28/2020,69.64499664
4/29/2020,71.93250275
4/30/2020,73.44999695
5/1/2020,72.26750183
5/4/2020,73.29000092
5/5/2020,74.38999939
5/6/2020,75.15750122
5/7/2020,75.93499756
5/8/2020,77.53250122
5/11/2020,78.75250244
5/12/2020,77.85250092
5/13/2020,76.91249847
5/14/2020,77.38500214
5/15/2020,76.92749786
5/18/2020,78.73999786
5/19/2020,78.28500366
5/20/2020,79.80750275
5/21/2020,79.21250153
5/22/2020,79.72250366
5/26/2020,79.18250275
5/27/2020,79.52749634
5/28/2020,79.5625
5/29/2020,79.48500061
6/1/2020,80.46250153
6/2/2020,80.83499908
6/3/2020,81.27999878
6/4/2020,80.58000183
6/5/2020,82.875
6/8/2020,83.36499786
6/9/2020,85.99749756
6/10/2020,88.20999908
6/11/2020,83.97499847
6/12/2020,84.69999695
6/15/2020,85.74749756
6/16/2020,88.01999664
6/17/2020,87.89749908
6/18/2020,87.93250275
6/19/2020,87.43000031
6/22/2020,89.71749878
6/23/2020,91.63249969
6/24/2020,90.01499939
6/25/2020,91.20999908
6/26/2020,88.40750122
6/29/2020,90.44499969
6/30/2020,91.19999695
7/1/2020,91.02749634
7/2/2020,91.02749634
7/6/2020,93.46250153
7/7/2020,93.17250061
7/8/2020,95.34249878
7/9/2020,95.75250244
7/10/2020,95.91999817
7/13/2020,95.47750092
7/14/2020,97.05750275
7/15/2020,97.72499847
7/16/2020,96.52249908
7/17/2020,96.32749939
7/20/2020,98.35749817
7/21/2020,97
7/22/2020,97.27249908
7/23/2020,92.84500122
7/24/2020,92.61499786
7/27/2020,94.80999756
7/28/2020,93.25250244
7/29/2020,95.04000092
7/30/2020,96.19000244
7/31/2020,106.2600021
8/3/2020,108.9375
8/4/2020,109.6650009
8/5/2020,110.0625
8/6/2020,113.9024963
8/7/2020,111.1125031
8/10/2020,112.7275009
8/11/2020,109.375
8/12/2020,113.0100021
8/13/2020,115.0100021
8/14/2020,114.9075012
8/17/2020,114.6074982
8/18/2020,115.5625
8/19/2020,115.7074966
8/20/2020,118.2750015
8/21/2020,124.3700027
8/24/2020,125.8574982
8/25/2020,124.8249969
8/26/2020,126.5224991
8/27/2020,125.0100021
8/28/2020,124.8075027
8/31/2020,129.0399933
9/1/2020,134.1799927
9/2/2020,131.3999939
9/3/2020,120.8799973
9/4/2020,120.9599991
9/8/2020,112.8199997
9/9/2020,117.3199997
9/10/2020,113.4899979
9/11/2020,112
9/14/2020,115.3600006
9/15/2020,115.5400009
9/16/2020,112.1299973
9/17/2020,110.3399963
9/18/2020,106.8399963
9/21/2020,110.0800018
9/22/2020,111.8099976
9/23/2020,107.1200027
9/24/2020,108.2200012
9/25/2020,112.2799988
9/28/2020,114.9599991
9/29/2020,114.0899963
9/30/2020,115.8099976
10/1/2020,116.7900009
10/2/2020,113.0199966
10/5/2020,116.5
10/6/2020,113.1600037
10/7/2020,115.0800018
10/8/2020,114.9700012
10/9/2020,116.9700012
10/12/2020,124.4000015
10/13/2020,121.0999985
10/14/2020,121.1900024
10/15/2020,120.7099991
10/16/2020,119.0199966
10/19/2020,115.9800034
10/20/2020,117.5100021
10/21/2020,116.8700027
10/22/2020,115.75
10/23/2020,115.0400009
10/26/2020,115.0500031
10/27/2020,116.5999985
10/28/2020,111.1999969
10/29/2020,115.3199997
10/30/2020,108.8600006
11/2/2020,108.7699966
11/3/2020,110.4400024
11/4/2020,114.9499969
11/5/2020,119.0299988
11/6/2020,118.6900024
11/9/2020,116.3199997
11/10/2020,115.9700012
11/11/2020,119.4899979
11/12/2020,119.2099991
11/13/2020,119.2600021
11/16/2020,120.3000031
11/17/2020,119.3899994
11/18/2020,118.0299988
11/19/2020,118.6399994
11/20/2020,117.3399963
11/23/2020,113.8499985
11/24/2020,115.1699982
11/25/2020,116.0299988
11/27/2020,116.5899963
11/30/2020,119.0500031
12/1/2020,122.7200012
12/2/2020,123.0800018
12/3/2020,122.9400024
12/4/2020,122.25
12/7/2020,123.75
12/8/2020,124.3799973
12/9/2020,121.7799988
12/10/2020,123.2399979
12/11/2020,122.4100037
12/14/2020,121.7799988
12/15/2020,127.8799973
12/16/2020,127.8099976
12/17/2020,128.6999969
12/18/2020,126.6600037
12/21/2020,128.2299957
12/22/2020,131.8800049
12/23/2020,130.9600067
12/24/2020,131.9700012
12/28/2020,136.6900024
12/29/2020,134.8699951
12/30/2020,133.7200012
12/31/2020,132.6900024
1/4/2021,129.4100037
1/5/2021,131.0099945
1/6/2021,126.5999985
1/7/2021,130.9199982
1/8/2021,132.0500031
1/11/2021,128.9799957
1/12/2021,128.8000031
1/13/2021,130.8899994
1/14/2021,128.9100037
1/15/2021,127.1399994
1/19/2021,127.8300018
1/20/2021,132.0299988
1/21/2021,136.8699951
1/22/2021,139.0700073
1/25/2021,142.9199982
1/26/2021,143.1600037
1/27/2021,142.0599976
1/28/2021,137.0899963
1/29/2021,131.9600067
2/1/2021,134.1399994
2/2/2021,134.9900055
2/3/2021,133.9400024
2/4/2021,137.3899994
2/5/2021,136.7599945
2/8/2021,136.9100037
2/9/2021,136.0099945
2/10/2021,135.3899994
2/11/2021,135.1300049
2/12/2021,135.3699951
2/16/2021,133.1900024
2/17/2021,130.8399963
2/18/2021,129.7100067
2/19/2021,129.8699951
2/22/2021,126
2/23/2021,125.8600006
2/24/2021,125.3499985
2/25/2021,120.9899979
2/26/2021,121.2600021
3/1/2021,127.7900009
3/2/2021,125.1200027
3/3/2021,122.0599976
3/4/2021,120.1299973
3/5/2021,121.4199982
3/8/2021,116.3600006
3/9/2021,121.0899963
3/10/2021,119.9800034
3/11/2021,121.9599991
3/12/2021,121.0299988
3/15/2021,123.9899979
3/16/2021,125.5699997
3/17/2021,124.7600021
3/18/2021,120.5299988
3/19/2021,119.9899979
3/22/2021,123.3899994
3/23/2021,122.5400009
3/24/2021,120.0899963
3/25/2021,120.5899963
3/26/2021,121.2099991
3/29/2021,121.3899994
3/30/2021,119.9000015
3/31/2021,122.1500015
4/1/2021,123
4/5/2021,125.9000015
4/6/2021,126.2099991
4/7/2021,127.9000015
4/8/2021,130.3600006
4/9/2021,133
4/12/2021,131.2400055
4/13/2021,134.4299927
4/14/2021,132.0299988
4/15/2021,134.5
4/16/2021,134.1600037
4/19/2021,134.8399963
4/20/2021,133.1100006
4/21/2021,133.5
4/22/2021,131.9400024
4/23/2021,134.3200073
4/26/2021,134.7200012
4/27/2021,134.3899994
4/28/2021,133.5800018
4/29/2021,133.4799957
4/30/2021,131.4600067
5/3/2021,132.5399933
5/4/2021,127.8499985
5/5/2021,128.1000061
5/6/2021,129.7400055
5/7/2021,130.2100067
5/10/2021,126.8499985
5/11/2021,125.9100037
5/12/2021,122.7699966
5/13/2021,124.9700012
5/14/2021,127.4499969
5/17/2021,126.2699966
5/18/2021,124.8499985
5/19/2021,124.6900024
5/20/2021,127.3099976
5/21/2021,125.4300003
5/24/2021,127.0999985
5/25/2021,126.9000015
5/26/2021,126.8499985
5/27/2021,125.2799988
5/28/2021,124.6100006
6/1/2021,124.2799988
6/2/2021,125.0599976
6/3/2021,123.5400009
6/4/2021,125.8899994
6/7/2021,125.9000015
6/8/2021,126.7399979
6/9/2021,127.1299973
6/10/2021,126.1100006
6/11/2021,127.3499985
6/14/2021,130.4799957
6/15/2021,129.6399994
6/16/2021,130.1499939
6/17/2021,131.7899933
6/18/2021,130.4600067
6/21/2021,132.3000031
6/22/2021,133.9799957
6/23/2021,133.6999969
6/24/2021,133.4100037
6/25/2021,133.1100006
6/28/2021,134.7799988
6/29/2021,136.3300018
6/30/2021,136.9600067
7/1/2021,137.2700043
7/2/2021,139.9600067
7/6/2021,142.0200043
7/7/2021,144.5700073
7/8/2021,143.2400055
7/9/2021,145.1100006
7/12/2021,144.5
7/13/2021,145.6399994
7/14/2021,149.1499939
7/15/2021,148.4799957
7/16/2021,146.3899994
7/19/2021,142.4499969
7/20/2021,146.1499939
7/21/2021,145.3999939
7/22/2021,146.8000031
7/23/2021,148.5599976
7/26/2021,148.9900055
7/27/2021,146.7700043
7/28/2021,144.9799957
7/29/2021,145.6399994
7/30/2021,145.8600006
8/2/2021,145.5200043
8/3/2021,147.3600006
8/4/2021,146.9499969
8/5/2021,147.0599976
8/6/2021,146.1399994
8/9/2021,146.0899963
8/10/2021,145.6000061
8/11/2021,145.8600006
8/12/2021,148.8899994
8/13/2021,149.1000061
8/16/2021,151.1199951
8/17/2021,150.1900024
8/18/2021,146.3600006
8/19/2021,146.6999969
8/20/2021,148.1900024
8/23/2021,149.7100067
8/24/2021,149.6199951
8/25/2021,148.3600006
8/26/2021,147.5399933
8/27/2021,148.6000061
8/30/2021,153.1199951
8/31/2021,151.8300018
9/1/2021,152.5099945
9/2/2021,153.6499939
9/3/2021,154.3000031
9/7/2021,156.6900024
9/8/2021,155.1100006
9/9/2021,154.0700073
9/10/2021,148.9700012
9/13/2021,149.5500031
9/14/2021,148.1199951
9/15/2021,149.0299988
9/16/2021,148.7899933
9/17/2021,146.0599976
9/20/2021,142.9400024
9/21/2021,143.4299927
9/22/2021,145.8500061
9/23/2021,146.8300018
9/24/2021,146.9199982
9/27/2021,145.3699951
9/28/2021,141.9100037
9/29/2021,142.8300018
9/30/2021,141.5
10/1/2021,142.6499939
10/4/2021,139.1399994
10/5/2021,141.1100006
10/6/2021,142
10/7/2021,143.2899933
10/8/2021,142.8999939
10/11/2021,142.8099976
10/12/2021,141.5099945
10/13/2021,140.9100037
10/14/2021,143.7599945
10/15/2021,144.8399963
10/18/2021,146.5500031
10/19/2021,148.7599945
10/20/2021,149.2599945
10/21/2021,149.4799957
10/22/2021,148.6900024
10/25/2021,148.6399994
10/26/2021,149.3200073
10/27/2021,148.8500061
10/28/2021,152.5700073
10/29/2021,149.8000031
11/1/2021,148.9600067
11/2/2021,150.0200043
11/3/2021,151.4900055
11/4/2021,150.9600067
11/5/2021,151.2799988
11/8/2021,150.4400024
11/9/2021,150.8099976
11/10/2021,147.9199982
11/11/2021,147.8699951
11/12/2021,149.9900055
11/15/2021,150
11/16/2021,151
11/17/2021,153.4900055
11/18/2021,157.8699951
11/19/2021,160.5500031
11/22/2021,161.0200043
11/23/2021,161.4100037
11/24/2021,161.9400024
11/26/2021,156.8099976
11/29/2021,160.2400055
11/30/2021,165.3000031
12/1/2021,164.7700043
12/2/2021,163.7599945
12/3/2021,161.8399963
12/6/2021,165.3200073
12/7/2021,171.1799927
12/8/2021,175.0800018
12/9/2021,174.5599976
12/10/2021,179.4499969
12/13/2021,175.7400055
12/14/2021,174.3300018
12/15/2021,179.3000031
12/16/2021,172.2599945
12/17/2021,171.1399994
12/20/2021,169.75
12/21/2021,172.9900055
12/22/2021,175.6399994
12/23/2021,176.2799988
12/27/2021,180.3300018
12/28/2021,179.2899933
12/29/2021,179.3800049
12/30/2021,178.1999969
12/31/2021,177.5700073
1/3/2022,182.0099945
1/4/2022,179.6999969
1/5/2022,174.9199982
1/6/2022,172
1/7/2022,172.1699982
1/10/2022,172.1900024
1/11/2022,175.0800018
1/12/2022,175.5299988
1/13/2022,172.1900024
1/14/2022,173.0700073
1/18/2022,169.8000031
1/19/2022,166.2299957
1/20/2022,164.5099945
1/21/2022,162.4100037
1/24/2022,161.6199951
1/25/2022,159.7799988
1/26/2022,159.6900024
1/27/2022,159.2200012
1/28/2022,170.3300018
1/31/2022,174.7799988
2/1/2022,174.6100006
2/2/2022,175.8399963
2/3/2022,172.8999939
2/4/2022,172.3899994
2/7/2022,171.6600037
2/8/2022,174.8300018
2/9/2022,176.2799988
2/10/2022,172.1199951
2/11/2022,168.6399994
2/14/2022,168.8800049
2/15/2022,172.7899933
2/16/2022,172.5500031
2/17/2022,168.8800049
2/18/2022,167.3000031
2/22/2022,164.3200073
2/23/2022,160.0700073
2/24/2022,162.7400055
2/25/2022,164.8500061
2/28/2022,165.1199951
3/1/2022,163.1999969
3/2/2022,166.5599976
3/3/2022,166.2299957
3/4/2022,163.1699982
3/7/2022,159.3000031
3/8/2022,157.4400024
3/9/2022,162.9499969
3/10/2022,158.5200043
3/11/2022,154.7299957
3/14/2022,150.6199951
3/15/2022,155.0899963
3/16/2022,159.5899963
3/17/2022,160.6199951
3/18/2022,163.9799957
3/21/2022,165.3800049
3/22/2022,168.8200073
3/23/2022,170.2100067
3/24/2022,174.0700073
3/25/2022,174.7200012
3/28/2022,175.6000061
3/29/2022,178.9600067
3/30/2022,177.7700043
3/31/2022,174.6100006
4/1/2022,174.3099976
4/4/2022,178.4400024
4/5/2022,175.0599976
4/6/2022,171.8300018
4/7/2022,172.1399994
4/8/2022,170.0899963
4/11/2022,165.75
4/12/2022,167.6600037
4/13/2022,170.3999939
4/14/2022,165.2899933
4/18/2022,165.0700073
4/19/2022,167.3999939
4/20/2022,167.2299957
4/21/2022,166.4199982
4/22/2022,161.7899933
4/25/2022,162.8800049
4/26/2022,156.8000031
4/27/2022,156.5700073
4/28/2022,163.6399994
4/29/2022,157.6499939
5/2/2022,157.9600067
5/3/2022,159.4799957
5/4/2022,166.0200043
5/5/2022,156.7700043
5/6/2022,157.2799988
5/9/2022,152.0599976
5/10/2022,154.5099945
5/11/2022,146.5
5/12/2022,142.5599976
5/13/2022,147.1100006
5/16/2022,145.5399933
5/17/2022,149.2400055
5/18/2022,140.8200073
5/19/2022,137.3500061
5/20/2022,137.5899963
5/23/2022,143.1100006
5/24/2022,140.3600006
5/25/2022,140.5200043
5/26/2022,143.7799988
5/27/2022,149.6399994
5/31/2022,148.8399963
6/1/2022,148.7100067
6/2/2022,151.2100067
6/3/2022,145.3800049
6/6/2022,146.1399994
6/7/2022,148.7100067
6/8/2022,147.9600067
6/9/2022,142.6399994
6/10/2022,137.1300049
6/13/2022,131.8800049
6/14/2022,132.7599945
6/15/2022,135.4299927
6/16/2022,130.0599976
6/17/2022,131.5599976
6/21/2022,135.8699951
6/22/2022,135.3500061
6/23/2022,138.2700043
6/24/2022,141.6600037
6/27/2022,141.6600037
6/28/2022,137.4400024
6/29/2022,139.2299957
6/30/2022,136.7200012
7/1/2022,138.9299927
7/5/2022,141.5599976
7/6/2022,142.9199982
7/7/2022,146.3500061
7/8/2022,147.0399933
7/11/2022,144.8699951
7/12/2022,145.8600006
7/13/2022,145.4900055
7/14/2022,148.4700012
7/15/2022,150.1699982
7/18/2022,147.0700073
7/19/2022,151
7/20/2022,153.0399933
7/21/2022,155.3500061
7/22/2022,154.0899963
7/25/2022,152.9499969
7/26/2022,151.6000061
7/27/2022,156.7899933
7/28/2022,157.3500061
7/29/2022,162.5099945
8/1/2022,161.5099945
8/2/2022,160.0099945
8/3/2022,166.1300049
8/4/2022,165.8099976
8/5/2022,165.3500061
8/8/2022,164.8699951
8/9/2022,164.9199982
8/10/2022,169.2400055
8/11/2022,168.4900055
8/12/2022,172.1000061
8/15/2022,173.1900024
8/16/2022,173.0299988
8/17/2022,174.5500031
8/18/2022,174.1499939
8/19/2022,171.5200043
8/22/2022,167.5700073
8/23/2022,167.2299957
8/24/2022,167.5299988
8/25/2022,170.0299988
8/26/2022,163.6199951
8/29/2022,161.3800049
8/30/2022,158.9100037
8/31/2022,157.2200012
9/1/2022,157.9600067
9/2/2022,155.8099976
9/6/2022,154.5299988
9/7/2022,155.9600067
9/8/2022,154.4600067
9/9/2022,157.3699951
9/12/2022,163.4299927
9/13/2022,153.8399963
9/14/2022,155.3099976
9/15/2022,152.3699951
9/16/2022,150.6999969
9/19/2022,154.4799957
9/20/2022,156.8999939
9/21/2022,153.7200012
9/22/2022,152.7400055
9/23/2022,150.4299927
9/26/2022,150.7700043
9/27/2022,151.7599945
9/28/2022,149.8399963
9/29/2022,142.4799957
9/30/2022,138.1999969
10/3/2022,142.4499969
10/4/2022,146.1000061
10/5/2022,146.3999939
10/6/2022,145.4299927
10/7/2022,140.0899963
10/10/2022,140.4199982
10/11/2022,138.9799957
10/12/2022,138.3399963
10/13/2022,142.9900055
10/14/2022,138.3800049
10/17/2022,142.4100037
10/18/2022,143.75
10/19/2022,143.8600006
10/20/2022,143.3899994
10/21/2022,147.2700043
10/24/2022,149.4499969
10/25/2022,152.3399963
10/26/2022,149.3500061
10/27/2022,144.8000031
10/28/2022,155.7400055
10/31/2022,153.3399963
11/1/2022,150.6499939
11/2/2022,145.0299988
11/3/2022,138.8800049
11/4/2022,138.3800049
11/7/2022,138.9199982
11/8/2022,139.5
11/9/2022,134.8699951
11/10/2022,146.8699951
11/11/2022,149.6999969
11/14/2022,148.2799988
11/15/2022,150.0399933
11/16/2022,148.7899933
11/17/2022,150.7200012
11/18/2022,151.2899933
11/21/2022,148.0099945
11/22/2022,150.1799927
11/23/2022,151.0700073
11/25/2022,148.1100006
11/28/2022,144.2200012
11/29/2022,141.1699982
11/30/2022,148.0299988
12/1/2022,148.3099976
12/2/2022,147.8099976
12/5/2022,146.6300049
12/6/2022,142.9100037
12/7/2022,140.9400024
12/8/2022,142.6499939
12/9/2022,142.1600037
12/12/2022,144.4900055
12/13/2022,145.4700012
12/14/2022,143.2100067
12/15/2022,136.5
12/16/2022,134.5099945
12/19/2022,132.3699951
12/20/2022,132.3000031
12/21/2022,135.4499969
12/22/2022,132.2299957
12/23/2022,131.8600006
12/27/2022,130.0299988
12/28/2022,126.0400009
12/29/2022,129.6100006
12/30/2022,129.9299927
1/3/2023,125.0699997
1/4/2023,126.3600006
1/5/2023,125.0199966
1/6/2023,129.6199951
1/9/2023,130.1499939
1/10/2023,130.7299957
1/11/2023,133.4900055
1/12/2023,133.4100037
1/13/2023,134.7599945
1/17/2023,135.9400024
1/18/2023,135.2100067
1/19/2023,135.2700043
1/20/2023,137.8699951
1/23/2023,141.1100006
1/24/2023,142.5299988
1/25/2023,141.8600006
1/26/2023,143.9600067
1/27/2023,145.9299927
1/30/2023,143
1/31/2023,144.2899933
2/1/2023,145.4299927
2/2/2023,150.8200073
2/3/2023,154.5
2/6/2023,151.7299957
2/7/2023,154.6499939
2/8/2023,151.9199982
2/9/2023,150.8699951
2/10/2023,151.0099945
2/13/2023,153.8500061
2/14/2023,153.1999969
2/15/2023,155.3300018
2/16/2023,153.7100067
2/17/2023,152.5500031
2/21/2023,148.4799957
2/22/2023,148.9100037
2/23/2023,149.3999939
2/24/2023,146.7100067
2/27/2023,147.9199982
2/28/2023,147.4100037
3/1/2023,145.3099976
3/2/2023,145.9100037
3/3/2023,151.0299988
3/6/2023,153.8300018
3/7/2023,151.6000061
3/8/2023,152.8699951
3/9/2023,150.5899963
3/10/2023,148.5
3/13/2023,150.4700012
3/14/2023,152.5899963
3/15/2023,152.9900055
3/16/2023,155.8500061
3/17/2023,155
3/20/2023,157.3999939
3/21/2023,159.2799988
3/22/2023,157.8300018
3/23/2023,158.9299927
3/24/2023,160.25
3/27/2023,158.2799988
3/28/2023,157.6499939
3/29/2023,160.7700043
3/30/2023,162.3600006
3/31/2023,164.8999939
4/3/2023,166.1699982
4/4/2023,165.6300049
4/5/2023,163.7599945
4/6/2023,164.6600037
4/10/2023,162.0299988
4/11/2023,160.8000031
4/12/2023,160.1000061
4/13/2023,165.5599976
4/14/2023,165.2100067
4/17/2023,165.2299957
4/18/2023,166.4700012
4/19/2023,167.6300049
4/20/2023,166.6499939
4/21/2023,165.0200043
4/24/2023,165.3300018
4/25/2023,163.7700043
4/26/2023,163.7599945
4/27/2023,168.4100037
4/28/2023,169.6799927
5/1/2023,169.5899963
5/2/2023,168.5399933
5/3/2023,167.4499969
5/4/2023,165.7899933
5/5/2023,173.5700073
5/8/2023,173.5
5/9/2023,171.7700043
5/10/2023,173.5599976
5/11/2023,173.75
5/12/2023,172.5700073
5/15/2023,172.0700073
5/16/2023,172.0700073
5/17/2023,172.6900024
5/18/2023,175.0500031
5/19/2023,175.1600037
5/22/2023,174.1999969
5/23/2023,171.5599976
5/24/2023,171.8399963
5/25/2023,172.9900055
5/26/2023,175.4299927
5/30/2023,177.3000031
5/31/2023,177.25
6/1/2023,180.0899963
6/2/2023,180.9499969
6/5/2023,179.5800018
6/6/2023,179.2100067
6/7/2023,177.8200073
6/8/2023,180.5700073
6/9/2023,180.9600067
6/12/2023,183.7899933
6/13/2023,183.3099976
6/14/2023,183.9499969
6/15/2023,186.0099945
6/16/2023,184.9199982
6/20/2023,185.0099945
6/21/2023,183.9600067
6/22/2023,187
6/23/2023,186.6799927
6/26/2023,185.2700043
6/27/2023,188.0599976
6/28/2023,189.25
6/29/2023,189.5899963
6/30/2023,193.9700012
7/3/2023,192.4600067
7/5/2023,191.3300018
7/6/2023,191.8099976
7/7/2023,190.6799927
7/10/2023,188.6100006
7/11/2023,188.0800018
7/12/2023,189.7700043
7/13/2023,190.5399933
7/14/2023,190.6900024
7/17/2023,193.9900055
7/18/2023,193.7299957
7/19/2023,195.1000061
7/20/2023,193.1300049
7/21/2023,191.9400024
7/24/2023,192.75
7/25/2023,193.6199951
7/26/2023,194.5
7/27/2023,193.2200012
7/28/2023,195.8300018
7/31/2023,196.4499969
8/1/2023,195.6100006
8/2/2023,192.5800018
8/3/2023,191.1699982
8/4/2023,181.9900055
8/7/2023,178.8500061
8/8/2023,179.8000031
8/9/2023,178.1900024
8/10/2023,177.9700012
8/11/2023,177.7899933
8/14/2023,179.4600067
8/15/2023,177.4499969
8/16/2023,176.5700073
8/17/2023,174
8/18/2023,174.4900055
8/21/2023,175.8399963
8/22/2023,177.2299957
8/23/2023,181.1199951
8/24/2023,176.3800049
8/25/2023,178.6100006
8/28/2023,180.1900024
8/29/2023,184.1199951
8/30/2023,187.6499939
8/31/2023,187.8699951
9/1/2023,189.4600067
9/5/2023,189.6999969
9/6/2023,182.9100037
9/7/2023,177.5599976
9/8/2023,178.1799927
9/11/2023,179.3600006
9/12/2023,176.3000031
9/13/2023,174.2100067
9/14/2023,175.7400055
9/15/2023,175.0099945
9/18/2023,177.9700012
9/19/2023,179.0700073
9/20/2023,175.4900055
9/21/2023,173.9299927
9/22/2023,174.7899933
9/25/2023,176.0800018
9/26/2023,171.9600067
9/27/2023,170.4299927
9/28/2023,170.6900024
9/29/2023,171.2100067
10/2/2023,173.75
10/3/2023,172.3999939
10/4/2023,173.6600037
10/5/2023,174.9100037
10/6/2023,177.4900055
10/9/2023,178.9900055
10/10/2023,178.3899994
10/11/2023,179.8000031
10/12/2023,180.7100067
10/13/2023,178.8500061
10/16/2023,178.7200012
10/17/2023,177.1499939
10/18/2023,175.8399963
10/19/2023,175.4600067
10/20/2023,172.8800049
10/23/2023,173
10/24/2023,173.4400024
10/25/2023,171.1000061
10/26/2023,166.8899994
10/27/2023,168.2200012
10/30/2023,170.2899933
10/31/2023,170.7700043
